<?xml version="1.0" encoding="UTF-8"?>
<metadata xml:lang="es"><Esri><CreaDate>20170630</CreaDate><CreaTime>12061400</CreaTime><ArcGISFormat>1.0</ArcGISFormat><SyncOnce>TRUE</SyncOnce><DataProperties><lineage><Process ToolSource="c:\program files (x86)\arcgis\desktop10.5\ArcToolbox\Toolboxes\Conversion Tools.tbx\ASCIIToRaster" Date="20170630" Time="120614">ASCIIToRaster D:\Jonathan_Valadez\Proyectos\Fotogrametricos\_4Cuarta_Semana\H11B35a_BC_listo/Superficie/txt/h11b35a4_ms.txt D:\Jonathan_Valadez\Proyectos\Fotogrametricos\01_ParaEntrega\mds_grid_h11b35a4\conjunto_de_datos\h11b35a4_ms FLOAT</Process><Process ToolSource="c:\program files (x86)\arcgis\desktop10.5\ArcToolbox\Toolboxes\Data Management Tools.tbx\DefineProjection" Date="20170630" Time="120614">DefineProjection D:/Jonathan_Valadez/Proyectos/Fotogrametricos/01_ParaEntrega\mds_grid_h11b35a4\conjunto_de_datos/h11b35a4_ms PROJCS['MEXICO_ITRF_2008_UTM_Zone_11N',GEOGCS['ITRF_2008',DATUM['D_ITRF_2008',SPHEROID['GRS_1980',6378137.0,298.257222101]],PRIMEM['Greenwich',0.0],UNIT['Degree',0.0174532925199433]],PROJECTION['Transverse_Mercator'],PARAMETER['False_Easting',500000.0],PARAMETER['False_Northing',0.0],PARAMETER['Central_Meridian',-117.0],PARAMETER['Scale_Factor',0.9996],PARAMETER['Latitude_Of_Origin',0.0],UNIT['Meter',1.0]]</Process></lineage></DataProperties></Esri></metadata>
