<?xml version="1.0" encoding="UTF-8"?>
<metadata xml:lang="es"><Esri><CreaDate>20180511</CreaDate><CreaTime>11415100</CreaTime><ArcGISFormat>1.0</ArcGISFormat><SyncOnce>TRUE</SyncOnce><DataProperties><lineage><Process ToolSource="c:\program files (x86)\arcgis\desktop10.6\ArcToolbox\Toolboxes\Conversion Tools.tbx\ASCIIToRaster" Date="20180511" Time="114151">ASCIIToRaster D:\Jonathan_Valadez\01Proyectos\Fotogrametricos\_1Primer_Semana\H11B86b_Bc/Superficie/txt/h11b86b3_ms.txt D:\02_ParaEntrega\mds_grid_h11b86b3\conjunto_de_datos\h11b86b3_ms FLOAT</Process><Process ToolSource="c:\program files (x86)\arcgis\desktop10.6\ArcToolbox\Toolboxes\Data Management Tools.tbx\DefineProjection" Date="20180511" Time="114151">DefineProjection D:\02_ParaEntrega\mds_grid_h11b86b3\conjunto_de_datos/h11b86b3_ms PROJCS['MEXICO_ITRF_2008_UTM_Zone_11N',GEOGCS['ITRF_2008',DATUM['D_ITRF_2008',SPHEROID['GRS_1980',6378137.0,298.257222101]],PRIMEM['Greenwich',0.0],UNIT['Degree',0.0174532925199433]],PROJECTION['Transverse_Mercator'],PARAMETER['False_Easting',500000.0],PARAMETER['False_Northing',0.0],PARAMETER['Central_Meridian',-117.0],PARAMETER['Scale_Factor',0.9996],PARAMETER['Latitude_Of_Origin',0.0],UNIT['Meter',1.0]]</Process></lineage></DataProperties></Esri></metadata>
